uniprot_id,protein_id,pref_name,organism,sequence,length,gene_names,protein_families,is_hit,binding_affinity_kd,functional_activity,toxicity_score,expression_level,total_assays,hit_count,hit_rate,avg_affinity_nm,min_affinity_nm,max_affinity_nm,std_affinity_nm,molecular_weight,avg_hydrophobicity,avg_charge,avg_polarity
P01308,P01308,Insulin,Homo sapiens,MALWMRLLPLLALLALWGPDPAAAFVNQHLCGSHLVEALYLVCGERGFFYTPKTRREAEDLQVGQVELGGGPGAGSLQPLALEGSLQKRGIVEQCCTSICSLYQLENYCN,110,INS,Unknown,False,9.922681978686443e-06,0.0,0.46432818751601446,0.5799518048899066,1,0,0.0,9922.681978686443,9922.681978686443,9922.681978686443,0.0,12100,0.1927272727272727,-0.00909090909090909,0.3145454545454546
P00734,P00734,Prothrombin,Homo sapiens,MAHVRGLQLPGCLALAALCSLVHSQHVFLAPQQARSLLQRVRRANTFLEEVRKGNLERECVEETCSYEEAFEALESSTATDVFWAKYTACETARTPRDKLAACLEGNCAEGLGTNYRGHVNITRSGIECQLWRSRYPHKPEINSTTHPGADLQENFCRNPDSSTTGPWCYTTDPTVRRQECSIPVCGQDQVTVAMTPRSEGSSVNLSPPLEQCVPDRGQQYQGRLAVTTHGLPCLAWASAQAKALSKHQDFNSAVQLVENFCRNPDGDEEGVWCYVAGKPGDFGYCDLNYCEEAVEEETGDGLDEDSDRAIEGRTATSEYQTFFNPRTFGSGEADCGLRPLFEKKSLEDKTERELLESYIDGRIVEGSDAEIGMSPWQVMLFRKSPQELLCGASLISDRWVLTAAHCLLYPPWDKNFTENDLLVRIGKHSRTRYERNIEKISMLEKIYIHPRYNWRENLDRDIALMKLKKPVAFSDYIHPVCLPDRETAASLLQAGYKGRVTGWGNLKETWTANVGKGQPSVLQVVNLPIVERPVCKDSTRIRITDNMFCAGYKPDEGKRGDACEGDSGGPFVMKSPFNNRWYQMGIVSWGEGCDRDGKYGFYTHVFRLKKWIQKVIDQFGE,622,F2,Unknown,True,3.366166499315023e-07,1.0,0.08423488472775198,0.8594002281190658,1,1,1.0,336.61664993150225,336.61664993150225,336.61664993150225,0.0,68420,-0.5392282958199357,0.0,0.43440514469453373
P00742,P00742,Coagulation factor X,Homo sapiens,MGRPLHLVLLSASLAGLLLLGESLFIRREQANNILARVTRANSFLEEMKKGHLERECMEETCSYEEAREVFEDSDKTNEFWNKYKDGDQCETSPCQNQGKCKDGLGEYTCTCLEGFEGKNCELFTRKLCSLDNGDCDQFCHEEQNSVVCSCARGYTLADNGKACIPTGPYPCGKQTLERRKRSVAQATSSSGEAPDSITWKPYDAADLDPTENPFDLLDFNQTQPERGDNNLTRIVGGQECKDGECPWQALLINEENEGFCGGTILSEFYILTAAHCLYQAKRFKVRVGDRNTEQEEGGEAVHEVEVVIKHNRFTKETYDFDIAVLRLKTPITFRMNVAPACLPERDWAESTLMTQKTGIVSGFGRTHEKGRQSTRLKMLEVPYVDRNSCKLSSSFIITQNMFCAGYDTKQEDACQGDSGGPHVTRFKDTYFVTGIVSWGEGCARKGKYGIYTKVTAFLKWIDRSMKTRGLPKAKSHAPEVITSSPLK,488,F10,Unknown,False,2.0486950008369423e-06,0.0,0.2360331565490813,1.9170205909970566,1,0,0.0,2048.695000836942,2048.695000836942,2048.695000836942,0.0,53680,-0.5797131147540985,0.0,0.45614754098360655
P00749,P00749,Urokinase-type plasminogen activator,Homo sapiens,MRALLARLLLCVLVVSDSKGSNELHQVPSNCDCLNGGTCVSNKYFSNIHWCNCPKKFGGQHCEIDKSKTCYEGNGHFYRGKASTDTMGRPCLPWNSATVLQQTYHAHRSDALQLGLGKHNYCRNPDNRRRPWCYVQVGLKLLVQECMVHDCADGKKPSSPPEELKFQCGQKTLRPRFKIIGGEFTTIENQPWFAAIYRRHRGGSVTYVCGGSLISPCWVISATHCFIDYPKKEDYIVYLGRSRLNSNTQGEMKFEVENLILHKDYSADTLAHHNDIALLKIRSKEGRCAQPSRTIQTICLPSMYNDPQFGTSCEITGFGKENSTDYLYPEQLKMTVVKLISHRECQQPHYYGSEVTTKMLCAADPQWKTDSCQGDSGGPLVCSLQGRMTLTGIVSWGRGCALKDKPGVYTRVSHFLPWIRSHTKEENGLAL,431,PLAU,Unknown,False,3.6051307011844587e-06,0.0,0.13961295312152855,1.063540910097224,1,0,0.0,3605.1307011844588,3605.1307011844588,3605.1307011844588,0.0,47410,-0.4700696055684455,0.06960556844547564,0.4236658932714617
P00751,P00751,Complement factor B,Homo sapiens,MGSNLSPQLCLMPFILGLLSGGVTTTPWSLARPQGSCSLEGVEIKGGSFRLLQEGQALEYVCPSGFYPYPVQTRTCRSTGSWSTLKTQDQKTVRKAECRAIHCPRPHDFENGEYWPRSPYYNVSDEISFHCYDGYTLRGSANRTCQVNGRWSGQTAICDNGAGYCSNPGIPIGTRKVGSQYRLEDSVTYHCSRGLTLRGSQRRTCQEGGSWSGTEPSCQDSFMYDTPQEVAEAFLSSLTETIEGVDAEDGHGPGEQQKRKIVLDPSGSMNIYLVLDGSDSIGASNFTGAKKCLVNLIEKVASYGVKPRYGLVTYATYPKIWVKVSEADSSNADWVTKQLNEINYEDHKLKSGTNTKKALQAVYSMMSWPDDVPPEGWNRTRHVIILMTDGLHNMGGDPITVIDEIRDLLYIGKDRKNPREDYLDVYVFGVGPLVNQVNINALASKKDNEQHVFKVKDMENLEDVFYQMIDESQSLSLCGMVWEHRKGTDYHKQPWQAKISVIRPSKGHESCMGAVVSEYFVLTAAHCFTVDDKEHSIKVSVGGEKRDLEIEVVLFHPNYNINGKKEAGIPEFYDYDVALIKLKNKLKYGQTIRPICLPCTEGTTRALRLPPTTTCQQQKEELLPAQDIKALFVSEEEKKLTRKEVYIKNGDKKGSCERDAQYAPGYDKVKDISEVVTPRFLCTGGVSPYADPNTCRGDSGGPLIVHKRSRFIQVGVISWGVVDVCKNQKRQKQVPAHARDFHINLFQVLPWLKEKLQDEDLGFL,764,CFB,Unknown,True,4.462391790626237e-08,1.0,0.25332627831512605,0.8082565966059629,1,1,1.0,44.62391790626237,44.62391790626237,44.62391790626237,0.0,84040,-0.5010471204188481,0.01963350785340314,0.43324607329842935
P00797,P00797,Renin,Homo sapiens,MDGWRRMPRWGLLLLLWGSCTFGLPTDTTTFKRIFLKRMPSIRESLKERGVDMARLGPEWSQPMKRLTLGNTTSSVILTNYMDTQYYGEIGIGTPPQTFKVVFDTGSSNVWVPSSKCSRLYTACVYHKLFDASDSSSYKHNGTELTLRYSTGTVSGFLSQDIITVGGITVTQMFGEVTEMPALPFMLAEFDGVVGMGFIEQAIGRVTPIFDNIISQGVLKEDVFSFYYNRDSENSQSLGGQIVLGGSDPQHYEGNFHYINLIKTGVWQIQMKGVSVGSSTLLCEDGCLALVDTGASYISGSTSSIEKLMEALGAKKRLFDYVVKCNEGPTLPDISFHLGGKEYTLTSADYVFQESYSSKKLCTLAIHAMDIPPPTGPTWALGATFIRKFYTEFDRRNNRIGFALAR,406,REN,Unknown,False,7.97826986137046e-06,0.0,0.40656518733035796,1.3524062832707386,1,0,0.0,7978.269861370461,7978.269861370461,7978.269861370461,0.0,44660,-0.1140394088669951,0.012315270935960592,0.3842364532019704
P01008,P01008,Antithrombin-III,Homo sapiens,MYSNVIGTVTSGKRKVYLLSLLLIGFWDCVTCHGSPVDICTAKPRDIPMNPMCIYRSPEKKATEDEGSEQKIPEATNRRVWELSKANSRFATTFYQHLADSKNDNDNIFLSPLSISTAFAMTKLGACNDTLQQLMEVFKFDTISEKTSDQIHFFFAKLNCRLYRKANKSSKLVSANRLFGDKSLTFNETYQDISELVYGAKLQPLDFKENAEQSRAAINKWVSNKTEGRITDVIPSEAINELTVLVLVNTIYFKGLWKSKFSPENTRKELFYKADGESCSASMMYQEGKFRYRRVAEGTQVLELPFKGDDITMVLILPKPEKSLAKVEKELTPEVLQEWLDELEEMMLVVHMPRFRIEDGFSLKEQLQDMGLVDLFSPEKSKLPGIVAEGRDDLYVSDAFHKAFLEVNEEGSEAAASTAVVIAGRSLNPNRVTFKANRPFLVFIREVPLNTIIFMGRVANPCVK,464,SERPINC1,Unknown,False,5.713115057679485e-06,0.0,0.03251597642568638,1.3591879547477588,1,0,0.0,5713.115057679485,5713.115057679485,5713.115057679485,0.0,51040,-0.27823275862068964,0.00646551724137931,0.43362068965517236
P01009,P01009,Alpha-1-antitrypsin,Homo sapiens,MPSSVSWGILLLAGLCCLVPVSLAEDPQGDAAQKTDTSHHDQDHPTFNKITPNLAEFAFSLYRQLAHQSNSTNIFFSPVSIATAFAMLSLGTKADTHDEILEGLNFNLTEIPEAQIHEGFQELLRTLNQPDSQLQLTTGNGLFLSEGLKLVDKFLEDVKKLYHSEAFTVNFGDTEEAKKQINDYVEKGTQGKIVDLVKELDRDTVFALVNYIFFKGKWERPFEVKDTEEEDFHVDQVTTVKVPMMKRLGMFNIQHCKKLSSWVLLMKYLGNATAIFFLPDEGKLQHLENELTHDIITKFLENEDRRSASLHLPKLSITGTYDLKSVLGQLGITKVFSNGADLSGVTEEAPLKLSKAVHKAVLTIDEKGTEAAGAMFLEAIPMSIPPEVKFNKPFVFLMIEQNTKSPLFMGKVVNPTQK,418,SERPINA1,Unknown,False,3.2550381790720985e-06,0.0,0.0648045439478892,1.2409193790711037,1,0,0.0,3255.0381790720985,3255.0381790720985,3255.0381790720985,0.0,45980,-0.18325358851674642,-0.004784688995215311,0.4138755980861244
P01011,P01011,Alpha-1-antichymotrypsin,Homo sapiens,MERMLPLLALGLLAAGFCPAVLCHPNSPLDEENLTQENQDRGTHVDLGLASANVDFAFSLYKQLVLKAPDKNVIFSPLSISTALAFLSLGAHNTTLTEILKGLKFNLTETSEAEIHQSFQHLLRTLNQSSDELQLSMGNAMFVKEQLSLLDRFTEDAKRLYGSEAFATDFQDSAAAKKLINDYVKNGTRGKITDLIKDLDSQTMMVLVNYIFFKAKWEMPFDPQDTHQSRFYLSKKKWVMVPMMSLHHLTIPYFRDEELSCTVVELKYTGNASALFILPDQDKMEEVEAMLLPETLKRWRDSLEFREIGELYLPKFSISRDYNLNDILLQLGIEEAFTSKADLSGITGARNLAVSQVVHKAVLDVFEEGTEASAATAVKITLLSALVETRTIVRFNRPFLMIIVPTDTQNIFFMSKVTNPKQA,423,SERPINA3,Unknown,True,3.034858625870547e-08,1.0,0.04756200455351889,1.4955354568534223,1,1,1.0,30.348586258705474,30.348586258705474,30.348586258705474,0.0,46530,-0.06524822695035463,-0.0070921985815602835,0.4094562647754137
P01012,P01012,Ovalbumin,Gallus gallus,MGSIGAASMEFCFDVFKELKVHHANENIFYCPIAIMSALAMVYLGAKDSTRTQINKVVRFDKLPGFGDSIEAQCGTSVNVHSSLRDILNQITKPNDVYSFSLASRLYAEERYPILPEYLQCVKELYRGGLEPINFQTAADQARELINSWVESQTNGIIRNVLQPSSVDSQTAMVLVNAIVFKGLWEKAFKDEDTQAMPFRVTEQESKPVQMMYQIGLFRVASMASEKMKILELPFASGTMSMLVLLPDEVSGLEQLESIINFEKLTEWTSSNVMEERKIKVYLPRMKMEEKYNLTSVLMAMGITDVFSSSANLSGISSAESLKISQAVHAAHAEINEAGREVVGSAEAGVDAASVSEEFRADHPFLFCIKHIATNAVLFFGRCVSP,386,SERPINB14,Unknown,True,9.702624232379265e-08,1.0,0.17464383366913822,1.67946179060282,1,1,1.0,97.02624232379266,97.02624232379266,97.02624232379266,0.0,42460,-0.00103626943005183,-0.012953367875647668,0.3958549222797928
