protein_id,uniprot_id,pref_name,organism,sequence,length,total_assays,hit_count,hit_rate,avg_affinity_nm,min_affinity_nm,max_affinity_nm,std_affinity_nm,is_hit,binding_affinity_kd,functional_activity,toxicity_score,expression_level,molecular_weight,avg_hydrophobicity,avg_charge,avg_polarity
SYNTH_0014,SYNTH0014,Synthetic Protein 14,Synthetic,GHGSKTICPKNISQCLAVDKSADVLMVPRSNPWLCKHQHFCAIVVCVWNVKMCKMCWAMDSVWIKRPLDDETLAWITWVRALTWRQYGYDRACFLPSTDKMHDVIYWLLFILDAAM,116,4,0,0.0,8575.362634152825,8575.362634152825,8575.362634152825,0.0,False,8.575362634152826e-06,0.0012618462112674589,0.11735403722450544,0.6891497456207332,12760,0.14137931034482756,0.0603448275862069,0.36551724137931035
SYNTH_0040,SYNTH0040,Synthetic Protein 40,Synthetic,IKWWRLRNTQLHPKLGKWETCNCADLWKVNCLMSWLVWTTKLHVNWQLISQSWQAKNIHKRESNQPKVEWAPSDYSCLWFDEQDGIPASHCLGDRYPREIISVNEIKDTIIPCKFWHARAKKTSNPWTWLMDPWLQMYQDANPDWTYFIGTWF,153,2,0,0.0,4595.43198403685,4595.43198403685,4595.43198403685,0.0,False,4.59543198403685e-06,0.28253570367976133,0.27115331915250324,0.6442259773401331,16830,-0.6196078431372549,0.05228758169934641,0.43790849673202614
SYNTH_0031,SYNTH0031,Synthetic Protein 31,Synthetic,FSRPREKAWIVMTMWTFNNWWGFNQGEKRVRYIHRITTWDPNNVYDDYIFQWGATAYIACSGYHLTNLDDELAAYWNLHEHGEQEPFSCKLEEGRPFAWEPHHDWHFNTKSQACELINACIPNLRGLMAGMVDFPRYWEYLLAQINVYHMKGGAHQNYNFALIYPMKQDIVDIYNMACPGADTECMNRVICEVPIGVNYNTKSIYIDECDFQIDIDPEKEIQINSWPRRWEFFLNPWGAYWNCYDCYEPEFEMFSLCFRLCKYYRKNPVLVWYIPS,276,4,0,0.0,2921.6437014378344,2921.6437014378344,2921.6437014378344,0.0,False,2.9216437014378344e-06,0.2689702689859053,0.2880905809448986,0.5159571247483337,30360,-0.4554347826086957,-0.010869565217391304,0.408695652173913
SYNTH_0046,SYNTH0046,Synthetic Protein 46,Synthetic,GRMPNWVKYTWRDFFMMHFYGNIGDFDMMEAMGHRARKNSGLQTRRGHWPALCNSISGKYIGTLWKHEHMGYTTQETNDNFAQFQHWMPHAPSKCCNGFTDFCAWLIQQVGHSVHHNYGNERSAAFYCEFMQHYRKECMSSPSPIYPQTWMAYRRWCDYPHLQIIVHEQATNEYMIPFNGPKSRPYWEHNSYCDNVHLNMPLNPDFCDDPWYLMGNDPCPCAVWWWVKQQPRQPDPNWRFVCWTELTYQDVEKQKEGNLNYKGHPSYTPWACDQFTSTCGKCDS,284,3,1,0.3333333333333333,21.82023433036275,21.82023433036275,21.82023433036275,0.0,True,2.1820234330362753e-08,0.3114420907102935,0.25537007805445744,0.6611502357230333,31240,-0.8264084507042254,0.04929577464788732,0.4302816901408451
SYNTH_0018,SYNTH0018,Synthetic Protein 18,Synthetic,VPDQCALSVCGTRDIVQGLWWSGENWDHYEKCELWSAAIRTSEMMTQKQGDVPNTYVYPIGMQVQDFNDWRIHNIHMYHVWFNQYGMNATVGQYKNLVVTFVFRLYGHYCCHPMKMYDFEHNDKNKVYVSAKNHRLGN,138,3,1,0.3333333333333333,95.47854602886288,95.47854602886288,95.47854602886288,0.0,True,9.547854602886288e-08,0.7677547567186448,0.3539466419472564,0.5591968447613337,15180,-0.5456521739130434,0.050724637681159424,0.42898550724637685
SYNTH_0049,SYNTH0049,Synthetic Protein 49,Synthetic,ALQQRECQKCEMYVVRQGVIQVRESLKCTQEWNMPWHVTCMMNAQTQQHCYDLALDLRHAMNRWNWLISRNLCLFSMSYC,80,3,0,0.0,4260.726161150816,4260.726161150816,4260.726161150816,0.0,False,4.260726161150816e-06,0.17723938277455545,0.22188047031160346,0.9503629473204707,8800,-0.37375,0.0625,0.44749999999999995
SYNTH_0027,SYNTH0027,Synthetic Protein 27,Synthetic,YSENFDMYVIRHNYTFHSEDPQKCADNKLTEHVELHEMMSTAQQDRRRYCQYDSCWKECKEHLTYQFGKMGFCYNLSGNHQEKDPTIVLRLA,92,3,1,0.3333333333333333,38.98570246415806,38.98570246415806,38.98570246415806,0.0,True,3.898570246415806e-08,0.9487339634593525,0.32152177238609847,0.5566655052190819,10120,-1.0152173913043478,0.03260869565217391,0.523913043478261
SYNTH_0026,SYNTH0026,Synthetic Protein 26,Synthetic,FYMWRGFCRTNGEFNYRNSTVNVPLDFLPWVSEGYVCMTDRQYTCDMTHGGCKAADSFVHQCVEHHACQKRWNMWNMKWQALPEPGGMHNYNWSIFGENMTHPSSRAREAQFLRMCGFCFPMGADYMLSAWSICVAELFKYFYALVARMYNRIKTLHKMFHKDSARQSMHKIRCYGIGGAQGMFFFIVNWNRRKQHRMRIYPSENWKWLSWDSDLDHCIAISTYFGCELVCSKGPVVEWNEDFRFMQWARCWNHYPFAPVGQQREMEQHVLTWMYYQGQFFDLV,284,1,0,0.0,6939.63250886942,6939.63250886942,6939.63250886942,0.0,False,6.93963250886942e-06,0.06410669537788817,0.4295617161469065,0.534539266227399,31240,-0.4235915492957747,0.06690140845070422,0.4042253521126761
SYNTH_0033,SYNTH0033,Synthetic Protein 33,Synthetic,VMRSQVDQWGEMAESLHMLGAHENWPPLHDICADIDQPNKAFLKNTLRQLDQPPDKNCGFNVGYRAIFGSNLRHFLNVAMDRLDWNNTKRNSLPIGPTVYIRLYDVIMFRTKAEMTNEGPDIWMYQDAWRNCMSIVFTQSIYVFTPEIICGAILDDVYGMKFFVRWN,167,4,1,0.25,6.2780509233430255,6.2780509233430255,6.2780509233430255,0.0,True,6.278050923343026e-09,0.734911928114424,0.012124337732896506,0.7651453882073271,18370,-0.2904191616766468,0.005988023952095809,0.40359281437125755
SYNTH_0020,SYNTH0020,Synthetic Protein 20,Synthetic,YKVRDGDGWFHKLTEKSQFQYQPPTKNIKKRPPPQTRTTCEPRRVMVRALICCGPSQLFRFHLRVMTRGFYVDNYLMKQFNSYYEVVTMYILLECKGRFVANS,103,2,0,0.0,8429.479336414819,8429.479336414819,8429.479336414819,0.0,False,8.429479336414819e-06,0.036647072736687915,0.051375750376640106,0.8671528218156714,11330,-0.5718446601941748,0.1262135922330097,0.4407766990291262
SYNTH_0013,SYNTH0013,Synthetic Protein 13,Synthetic,QGWYLYVHTEIEVYGANWRKQYYQKCNKLPIHQNVPVFERFRWHWLYDYRGIFQQHLADYHADHPGHKHCESSRGEKQIVRERTEGHVYMRYPEEPEYDHCQKGMISVIFIEFDLTWMGNQPDPLTMEQQYKNFISWNDCLQMMYRHHASYNMLLRRFMVKTVQNYNCHVLHKQFVFEAMRTEIADWLRDGTDPDYYAMVFQKQAQCPASMMYHYQRHARDAH,223,1,0,0.0,8895.6438405468,8895.6438405468,8895.6438405468,0.0,False,8.8956438405468e-06,0.15675885382656518,0.08377182879441158,0.563802131475557,24530,-0.8376681614349776,0.07174887892376682,0.462780269058296
SYNTH_0005,SYNTH0005,Synthetic Protein 5,Synthetic,YPGLTVVWHSCWIMECTFGTCDNHAMVLCDGETHKVARMRAEVVASYSGAFKFFMVHQQKNKSWYEWRGPRLEGQAMTDNEKHCDNIHRSHKRKQNAGINNICPDKGTESYRPPQKWGPGWV,122,1,0,0.0,7049.601175074195,7049.601175074195,7049.601175074195,0.0,False,7.049601175074196e-06,0.10910055517281969,0.08601595634604953,0.8411799710705854,13420,-0.7778688524590165,0.09016393442622951,0.4426229508196721
SYNTH_0038,SYNTH0038,Synthetic Protein 38,Synthetic,EPPWFNCEYWDKRKLMANSKVDQIVQVEGCPYFQKQFDWMTAEAWKPLPFVCDCPCNCKHEHCCSFCISMNLTRDKKMMGNTLIHCPCFWPPCSPMESRGMFQRDISVRWP,111,1,0,0.0,5866.3641735862275,5866.3641735862275,5866.3641735862275,0.0,False,5.866364173586227e-06,0.2183680549317756,0.13169159609502873,0.9335254493077172,12210,-0.46396396396396394,0.036036036036036036,0.4144144144144144
SYNTH_0009,SYNTH0009,Synthetic Protein 9,Synthetic,IEAQHLQMLNFSMRICWHPEVPGWVNRRYVQISKYCEKEGNDFLWGLYERQWWFQDGAQKYRNMITGYWSKFYLRENQVSDRMMSVKPRLWQVPIDGNKFWQHNWPNGMIVNKGCEDQDHRPVWVSKKIKYHPTIKEEGNTLDDMVIATFIRKVPNYGVQWDCIYRNNYCPAFRSQRHWPRPIIFVPRPDCDYNRPYLRTEIGALGFMIVKYESAEWEVAWPACADASD,229,3,0,0.0,8267.5854038635,8267.5854038635,8267.5854038635,0.0,False,8.267585403863501e-06,0.1381790916732254,0.39471524805094227,0.644957436659171,25190,-0.6847161572052403,0.043668122270742356,0.43580786026200874
SYNTH_0004,SYNTH0004,Synthetic Protein 4,Synthetic,HPYKHTKPELQHCCVHNELDQWYNAHFLKLLITIWGTNNRVADQSDCKIQGARVYWPITSVVTHSLSPECSYLYTNESHWYRGYPCKPFWKSEIDADDGGEWCPVSEAYTHHPWGMIVWQQFFPLEIEDRLSHLAPEWQGLMQNIDPYNPKKHTTCHHDWYCAADEMCLAKYHDKSPTTKSWCSYWVRYDDGPWEEWDAVFWYYAEVHVDYVHDHKVCYRCVIWMHQTLCSHPPQKQVTMPYQSMYMRQ,249,2,0,0.0,834.6943301838288,834.6943301838288,834.6943301838288,0.0,False,8.346943301838288e-07,0.18221162052653267,0.4483035554055046,0.7762300688675641,27390,-0.7040160642570281,0.03614457831325301,0.43534136546184743
SYNTH_0007,SYNTH0007,Synthetic Protein 7,Synthetic,NNPYMLLVHSNVIPAILPILIRKTCFKWECWTFIGHNSVDYLAVADLEGRPQAVQLIQLREDSDMLDHQWDNQIWAQKPHRENRDCVDSDKRFNYCHTMTRCHWKILRVMGWMLVWWNMFYFYRENSVTIHKSHGPKGMWSEHAWRTPEGFYNPYGCQAPVSSMSAMPLWTARWPYNAKMWHQPGVEWTYVREDYQQMPAANVQAIKVGMIKSWSCRHFGHAGEFQGQGVMHLELRRDGRMFAFRNWCDADNGRWVGSYTTDAWSPKRWWRCYHRTWNSFLNQHAIPPPHCLFQQHVTW,299,3,0,0.0,8820.788440566625,8820.788440566625,8820.788440566625,0.0,False,8.820788440566624e-06,0.2599336503552498,0.07637748245595688,0.8123546028228914,32890,-0.5916387959866221,0.0802675585284281,0.411371237458194
SYNTH_0042,SYNTH0042,Synthetic Protein 42,Synthetic,HLHFMFCPFIVIYDPNFSDSWWQFNFMHQKEELEFELDARETHAIIWSLHVYWFPFYTKPQSQQYHCKCSHGSCQCFRFGRFQVIWDVTQYFAYPLLGTACVWHHMIQFHSKRMCDRIYQMHKYSCESQKYQPKNPTCDTMVAMHWYTPKWHFHYPQVYRRHIECGFSSPSITTFNMHYRDHALVVTWNLCKNHAGGDVNTLKNSSYYTCMDYGTCDPSGQGCVCTGVIGTMTQGCFVNRYAAFYLQGCMNCDTKTNNKWMESKVGLTRREWYGNPWLVCNERRLPKSHYL,291,3,0,0.0,364.84802119260536,364.84802119260536,364.84802119260536,0.0,False,3.6484802119260535e-07,0.18125145879401064,0.05305734512893079,0.9451093826363353,32010,-0.4879725085910653,0.0859106529209622,0.4178694158075601
SYNTH_0047,SYNTH0047,Synthetic Protein 47,Synthetic,GFCMVCTHYSLRAMDNRHEMTCVGALEEWYLTFHFNHILFFFECQTMNGSQSTAVMFAHIGPWNHPEYAKIGNAYTSRPKIAQCHAYVDRHNRKDVPKNDQKNSVLFMPRKISMHRPHHKGWVHAAVMMWAQHWVFLKRLRGDDSGIYSVWMFVVFVIYSKGLIPKVEDSTS,172,3,0,0.0,1281.074607038911,1281.074607038911,1281.074607038911,0.0,False,1.281074607038911e-06,0.009899188638528867,0.19104048543178848,0.9484702269742114,18920,-0.2779069767441861,0.11046511627906977,0.3953488372093023
SYNTH_0048,SYNTH0048,Synthetic Protein 48,Synthetic,DERAIMCCNNEQFPHKMIYFCFDYMPTAHWSHMMDGSLGPSNRTMCHVSEWSIMEWQYMFHNELVVTKNCYAKCGKMQLGLTNFITKRDSFQYGALITAGSIYKVLAEAMKHNTVHYKMKHYNCCTDVAKFLMEFSIECDMGLAMISRTPCIMYEAIAKSKVSAKLFNWCIFNRAQEIHFWTNIRWKELNNQLHWMFGMHN,201,3,1,0.3333333333333333,3.166142477824044,3.166142477824044,3.166142477824044,0.0,True,3.166142477824044e-09,0.35272021522868524,0.3582847604613501,0.6797436563809014,22110,-0.21492537313432838,0.06965174129353234,0.41194029850746267
SYNTH_0016,SYNTH0016,Synthetic Protein 16,Synthetic,DRMFFNRHCLLFKRPWIRPDQGSHFQIAIAHPYEKDVKWATQDTGICLSNKLRSQIVQDSFVMVIAYAAYMFDDPPEILDTERDIQRECEINERESRLKKRMNNPATPQDPCQHCNHIQFNCKVSRTMANFNPHFNYVMIRSKSGMKTKYCCIIQHGQLQMCPHPLSHKAVPISIEVYGEMNKYSNGA,188,3,0,0.0,1824.2834431277522,1824.2834431277522,1824.2834431277522,0.0,False,1.8242834431277523e-06,0.22001106814803786,0.08912056095001647,0.8105288468628908,20680,-0.5920212765957448,0.07446808510638298,0.44999999999999996
SYNTH_0010,SYNTH0010,Synthetic Protein 10,Synthetic,FDRFYNPNFAHVAINGVAMVVAKHILGKQGDFTYWTVPKFVYPYHFCCAEAFCFDHPWGIGSGEVWTSMVDTGFDLSYQMGNMNNYNQRCRIVWFIVTLQVAWALCWINYNWCFFLWIWYYQWRRFESFVAYSVWPYNNLMPDLRIVSDWWDETKSSLWPNHSVDLYRGVGYCQPTFETMSIELTTWKPDVFTEMYIQGLEF,202,3,1,0.3333333333333333,99.36669855844433,99.36669855844433,99.36669855844433,0.0,True,9.936669855844433e-08,0.7468863227368393,0.07141063754865773,0.9290815032417157,22220,-0.04900990099009903,-0.0049504950495049506,0.35742574257425747
SYNTH_0017,SYNTH0017,Synthetic Protein 17,Synthetic,WGTMQHLRYQRMKVSFVDGVDAFKNVGYFRFRIIIQITDHNITTGGWTLVYKVHKADPERWLRVGRVYWYVRVVRNHYTGSKWSHSYFNVFAQTYANDFFRHYFSDPVHPLVEFFAAVSHLLFENIETFIHLAIMGILGQIMGHSLKKEGVCQFLKRAVRHEQYEAMINFDWEKEHFLYRYVMSSVARRVSSC,193,1,1,1.0,4.243744001846188,4.243744001846188,4.243744001846188,0.0,True,4.243744001846188e-09,0.6377038001023699,0.06816750232773372,0.6019595548686418,21230,-0.18704663212435235,0.10362694300518134,0.40103626943005183
SYNTH_0025,SYNTH0025,Synthetic Protein 25,Synthetic,RVVHENTDWGKCPWCNSAIQIWAGGQIVVRPSWKCWCCHWCWNINFFQEWGLCNTFVDMRRELDVENLKHAAKHRIQHMKCRFIERFFMEMVKIQIYRIKAWNRQMECTCICHMLCWVGHHPNWPLDQCKENMKRTRCDDCYGWMWCDYKEQCNSRFQMFEELNCDMREVIDWNDHDWFISYCSFQCTHTLAQWELMKFDANKFPENADKEGNYH,215,1,0,0.0,840.1665632122939,840.1665632122939,840.1665632122939,0.0,False,8.401665632122939e-07,0.01996682570496524,0.08670626705113255,0.5380818941770922,23650,-0.6148837209302327,0.04186046511627907,0.46232558139534885
SYNTH_0035,SYNTH0035,Synthetic Protein 35,Synthetic,AREGGQLEHECYYDWIAQHVFKNAHKGNPVIHPDMSYQEARGHEGFVPLRNARCPIEDLNEHSWAMWQYQYQNVPWPPDFECTKVAWANQQWARPKPTREWPESCQPCAKHGWSYTLYGIFYFPHLQKQELEERDCRISDALIQRVEWFERHEIQFYMACVLITDMIQEGRHDWKGEEHHWNSSSEKH,188,1,0,0.0,5013.810605506641,5013.810605506641,5013.810605506641,0.0,False,5.013810605506641e-06,0.23920972633289792,0.05028328588562708,0.8399106553710121,20680,-0.9617021276595745,0.02127659574468085,0.46170212765957447
SYNTH_0032,SYNTH0032,Synthetic Protein 32,Synthetic,GCVHDRVPPRFIWKMSCDFRPGPDRNGCQPKKPMEAGSRFMCRERWGRCCDFPDPGKGHWAKGSCNKEIGQISMGFDEKELTPHPASYESVYWRFIIEQHALF,103,1,0,0.0,9187.047535484344,9187.047535484344,9187.047535484344,0.0,False,9.187047535484343e-06,0.2599188539524519,0.0915677914631472,0.9569519212834154,11330,-0.783495145631068,0.06796116504854369,0.42135922330097086
SYNTH_0001,SYNTH0001,Synthetic Protein 1,Synthetic,PPDPCLRIAKPCFFQIHIHQKSTQYFVDWRRSNNVTWLDLLHLIWYKSEERNCRLG,56,4,0,0.0,8732.359540034415,8732.359540034415,8732.359540034415,0.0,False,8.732359540034415e-06,0.06678922463797768,0.43673088742126626,0.9908386153238085,6160,-0.5589285714285714,0.10714285714285714,0.43928571428571433
SYNTH_0045,SYNTH0045,Synthetic Protein 45,Synthetic,CDVFLWVTQYCEMSVWWMAELHGMDSTSWEQGQCVRELSHMEPWGASMMPTWWKRQRLKAIFYTMQSDDNTRYPCPNFFNNVIHNKRPHMCVVVHMHYLAYWTKKEEPIYFEQNLEVKYIVYTIHKIVVFRFEQWFINMNTCGRKIECYTFSPSPQASVWICTVPQFKSADWEEFGNKNSFESICDEHFDNQNMKTSELYHPQCNDMLVIWGWSDRWKDRISFMETYGNDRYFEKPCWPDKVRHCIPFWITHIYTTDNMRKHVLHQKGKRMDYDFTQIPNTQPPCRCLFC,290,1,0,0.0,4100.529915943437,4100.529915943437,4100.529915943437,0.0,False,4.100529915943437e-06,0.051337349262706077,0.31846355049399877,0.9360639878359149,31900,-0.579655172413793,0.03793103448275862,0.44758620689655176
SYNTH_0028,SYNTH0028,Synthetic Protein 28,Synthetic,MVEIEQPLLATAVPTDWGYVWWIHVVAACRGFKIQVSDKYWMLQGDRETMEFFYICRYQAWRFASRPN,68,4,0,0.0,4839.295252902296,4839.295252902296,4839.295252902296,0.0,False,4.839295252902296e-06,0.14893426382507652,0.2890576313050217,0.5558614847968586,7480,-0.11176470588235295,0.014705882352941176,0.37058823529411766
SYNTH_0034,SYNTH0034,Synthetic Protein 34,Synthetic,CLNRFWMFHIYFTGQCEYTSSTFPACNMQVNEGHKINTMRDGAQCFPYQMYSKTSQPKGNHPCRHEYLYMTWAMWGSPGDWHLDLWNKILHYGKTIVWRKMCGEKLNEYDHDLCMICYICNQNGHHHFKWPVRKFHEWDHLPFDKSNDKDGQRDYPVDLHSGDYAFARPN,170,3,0,0.0,1415.8137238376978,1415.8137238376978,1415.8137238376978,0.0,False,1.4158137238376978e-06,0.02802416298630026,0.16642315266749785,0.5553174134194838,18700,-0.8405882352941176,0.07647058823529412,0.4470588235294118
SYNTH_0006,SYNTH0006,Synthetic Protein 6,Synthetic,AKFEVLYSQMIVNMTPTGCTLAKRHNGCFVAPAIKALVLSKLWTAKHEAGCPGAHTSMCVASEVVNEGVHYQLFCDTARKACWSDSYSIKSTPRVMIRKLDTG,103,2,0,0.0,2361.8957812855665,2361.8957812855665,2361.8957812855665,0.0,False,2.3618957812855666e-06,0.20717324805401546,0.1906836550877039,0.6744752864821091,11330,0.026213592233009703,0.08737864077669903,0.37475728155339805
SYNTH_0030,SYNTH0030,Synthetic Protein 30,Synthetic,TRFWEDYMWTMQRCHGKDSQKLLSPWIYTFLWLDNEFYSKFWKPWAYAAISWHSFGILAVGIIIAIHR,68,1,0,0.0,6414.644137667116,6414.644137667116,6414.644137667116,0.0,False,6.414644137667116e-06,0.14043921640394888,0.25727132051035595,0.6075242068721903,7480,-0.06911764705882358,0.07352941176470588,0.361764705882353
SYNTH_0012,SYNTH0012,Synthetic Protein 12,Synthetic,TNIAGEMANHVSECWNKSRYTCTVDFMKEMSTYRPWNIFLHGALSSADPPRCHEFEMRLFWQQQAECGPVCPQHGLQFRFLMCFIDMRGNCLIDCLAVMDMACPHIPKWAWPIDHFAWQEWENVLHWFVGDYKMGLTWEFWGQGFDSPGYLYILLQKKLWVGGVDDESSHKWRCFEMQEQGREVPSWNAAYVGRMQCDLGPCKT,204,4,0,0.0,4665.826432494074,4665.826432494074,4665.826432494074,0.0,False,4.665826432494074e-06,0.0808889611175254,0.04746526270907103,0.8609183356566963,22440,-0.33235294117647063,0.004901960784313725,0.38627450980392153
SYNTH_0037,SYNTH0037,Synthetic Protein 37,Synthetic,EESDCMCYPIFKHYIWVPYRYKDHRYATMYQTKNRSGRVWTRNAYSSGMAEYDAENPYAGLNQANKDTYEKNIKWHNLMCTGSTRNGMKACSHWSVEQLCKFDWSEYCKGHSKKILGKPRLDKIWMTDNGGMRATGKYFFCEVIHYRQSSLMPFCDIASQPYFQVDDEAFGPGFFNMCCWAMDWLAYLWQSVDTWQSYHNAAVWDMQQMRYWNAPYPLIQFTNNPCNMICMFLLGQGRQDIIWCGVKWTRRTVMIKHDEVMTSYTAIPKEFHPWHADPDFHFSYWNFCSGGEQENLE,297,1,0,0.0,8776.028404555604,8776.028404555604,8776.028404555604,0.0,False,8.776028404555604e-06,0.13088010280271678,0.3130279473066631,0.8161597865358484,32670,-0.6205387205387206,0.03367003367003367,0.4316498316498316
SYNTH_0002,SYNTH0002,Synthetic Protein 2,Synthetic,HNSDSVLITMSTCSWGSFPDSTGCYFYYFWEGLWKGRSMRTFHSKKKQNDYYQMPIAGLMGFTCQWYYLTYQNKPPPCLEAVGEECLHVYTNQKNKTCETELMAHLLIWSTPARQWAYKSCTLVRMEDTKYKQMDRSSAPLDDYWRYWKCRGIFLFMHAWCEAMQMEQKICRNIPVCPVGVMWGHALNWFAKFAFCLECWCQCLFDPWM,209,2,0,0.0,8827.232262096784,8827.232262096784,8827.232262096784,0.0,False,8.827232262096785e-06,0.22970027892124328,0.06699409871516276,0.8724567404106396,22990,-0.3382775119617225,0.0430622009569378,0.40095693779904307
SYNTH_0022,SYNTH0022,Synthetic Protein 22,Synthetic,CPLDMVTTVVQGSAMAEKLDFNWPRQMDNYFRCWKAVGIMFRDSIITYEQACDNCYMQTNTFHFDAIPVWTINKERFWPHGEWRKMEKPRWDYCWKKLRPGEYMCCYVKVSHGRIHKHQARKGMAEMNWKQHWFFGDDTASTYCQEWLWDYYRVRRAPSWSGYWLHSHDYPGHHKDTWAEHQPDCFMGENDNAEPCHHYDSVWETKTGNTKYDCRV,216,2,0,0.0,4190.191683581968,4190.191683581968,4190.191683581968,0.0,False,4.190191683581968e-06,0.04123614983651845,0.41768105504220554,0.5640114359477579,23760,-0.9180555555555556,0.05555555555555555,0.4666666666666667
SYNTH_0003,SYNTH0003,Synthetic Protein 3,Synthetic,TIQYENAKPFRYHFAVWREMPGFACSTLACPEIEMECWPNGCFNYWCPEIDFNVLYFNNRGTEQQTVQSDWGLCGWGWMCVTWEWIKRMHEVWVAQHQYPHEDDNRGYPL,110,2,0,0.0,7923.7845834858745,7923.7845834858745,7923.7845834858745,0.0,False,7.923784583485874e-06,0.1276124424772826,0.04247624816662138,0.6076758592943837,12100,-0.5754545454545454,-0.02727272727272727,0.4036363636363636
SYNTH_0044,SYNTH0044,Synthetic Protein 44,Synthetic,KRPTPDYPNMNRTFAYPNHGSFWRHGHKCDGRDCCYELCVAFTYCAQMCAACFMCCMAICAGAPAENAHMQHVQNATWRAAALVITLDESDDCGAIRRHHESSMRRNCSKAWEHAPYRRKDCEQNSSEKIYCHLAYVVICCRMSARDNNDAAEQNWAKKAGWCCFVCPRLAEWEEPRINPMWNYMTCTCVGDMSRIGPSGAFPHHNMRDPDMQIPAME,218,4,1,0.25,1.9636224369435018,1.9636224369435018,1.9636224369435018,0.0,True,1.963622436943502e-09,0.34971353235896374,0.37026691304415427,0.7490115155070733,23980,-0.5426605504587155,0.05045871559633028,0.4192660550458716
SYNTH_0036,SYNTH0036,Synthetic Protein 36,Synthetic,HWSAPCYYCWSQHRDCGGLLAWIDAMKFEHEPKGTRRAYGYVKAIELDPHPYNRIQFKHEEQFSNPPGFAKFMYAELKETLVHKLLKDCKIVSSPCFHQNIMMDPDMAYVIMRDWVYGQRADFHVSSFIVGTYNLCANLNFCSKTVPN,148,4,0,0.0,3547.9553288276034,3547.9553288276034,3547.9553288276034,0.0,False,3.547955328827603e-06,0.19629157150038154,0.07151517372312677,0.7656021137724014,16280,-0.38108108108108113,0.060810810810810814,0.4027027027027027
SYNTH_0024,SYNTH0024,Synthetic Protein 24,Synthetic,EQVIWQPCDNRTFRCQDTILHECIWRNMYLLHSLEPTQYFREVEKGYVVMLLVRQGTHQQCIVFAWDESPTYELHLGNWKWPDKTGQWYSRPTLCADEVMHGLVGGNIITVGVNCVDRCKFIHVWMIWPVFFSDHKSIDTLRTYPMKKMPDRNSDTYCKQPIMLCHFNYMPEPIWAAPDRC,181,1,0,0.0,8047.630790953606,8047.630790953606,8047.630790953606,0.0,False,8.047630790953606e-06,0.13116991061077948,0.19402642163724226,0.7991911303443153,19910,-0.356353591160221,0.03314917127071823,0.4110497237569061
SYNTH_0041,SYNTH0041,Synthetic Protein 41,Synthetic,VFSEDRICRGMPMWSLSNSQVLKSPQFDDIPYEYTCKTVMAMKSRMFKMVSHLQTCNGTNVRGMCHCSFPMRLVLFFHAK,80,3,0,0.0,1741.1601921375047,1741.1601921375047,1741.1601921375047,0.0,False,1.7411601921375048e-06,0.0764309637663473,0.3578790887609782,0.8213706374390337,8800,-0.11375000000000002,0.1,0.40499999999999997
SYNTH_0011,SYNTH0011,Synthetic Protein 11,Synthetic,APESAWTMRPLQEMWACTWVDELYEPEWWHPFSPFNNDVGDVQVHQHWYIYQETKICCTHNMVITIRNGRSKSASHYELIVTWAQESQQCGNNHLPFLEGNYIIFDRSSLNMHHNHTETTIENYFMCFAMFRICNPMGKYMF,142,3,0,0.0,3766.940292473142,3766.940292473142,3766.940292473142,0.0,False,3.766940292473142e-06,0.15954028651644134,0.09384109117527667,0.9289967249001903,15620,-0.47816901408450707,0.014084507042253521,0.4225352112676056
SYNTH_0023,SYNTH0023,Synthetic Protein 23,Synthetic,LYTNSSWYDDPDDLPPSFGVQNDEVAKRYDVVKMCLKVNTYKPDGMIKIYMCHTRPQLFNKWAKTSLEEPGSDFQVEKMKHW,82,2,1,0.5,79.1549407963537,79.1549407963537,79.1549407963537,0.0,True,7.91549407963537e-08,0.708712663806584,0.38533070410164616,0.8993648956687514,9020,-0.8048780487804879,0.012195121951219513,0.47560975609756095
SYNTH_0019,SYNTH0019,Synthetic Protein 19,Synthetic,PMSFMSMLYWQAIPCAVGDYSIWWYYAQMKCFQEFKLSCMWIAFMRWMQMKETCIRTNWWNWGLTSLNQVTGHLLIAGSYCVAWCDYKVTPNAFPETR,98,3,0,0.0,4449.376230704723,4449.376230704723,4449.376230704723,0.0,False,4.449376230704723e-06,0.015911935507201456,0.33546000141854243,0.5671977301293023,10780,0.04795918367346936,0.030612244897959183,0.3469387755102041
SYNTH_0050,SYNTH0050,Synthetic Protein 50,Synthetic,DDPRMCKYLLSAPYIIFNDHETIVSKWCYHMAGCQVYFFWFYVRHMFLPRTHVISLTLLPQHFRKIMAFYFGDAWRQLRELWGFIYKEMFWQSRGVKQPTKWMTLNVAGMHLLVYNSIKEDKIFYQQNEPRYACKTFDMINVSEHSIIQYEPAHAMQPRKRHWPRGGTFRKFIFARAQTPHKSAWNVKDNKLCKEVGRAYELMTCGIQE,209,4,0,0.0,9729.527932833298,9729.527932833298,9729.527932833298,0.0,False,9.729527932833298e-06,0.09859894417131332,0.13805998374912293,0.5392368624552475,22990,-0.4,0.10526315789473684,0.41244019138755983
SYNTH_0021,SYNTH0021,Synthetic Protein 21,Synthetic,GIEQPRGDFKCCSADTKHPPSGIKVSTHGPRKLYFTAWPPDWSPSTRRNRKWGNMHRNDDNLKQDLSSYGWYNMIPLTCEYYATDDRIFGVFVTIPYDLGCVLMLDKANNDVDYWLCCVKFYTSFYSVYIINDSPDMAVFMAHGYIKWPMSPNQWNYAMIRTQQDKAEAPVEFRMEVHQWYAEKEDQGEVTKMWALNTPCEMCRWGFMRPDYRPSCKSMETCGHVRLIEDVNNQRIHESEYHLCLSREWKSTQRTRAVKKWMPHDIVVELLDWWPFKCYVCVYWGILPMFFEH,293,2,1,0.5,2.9788717780771887,2.9788717780771887,2.9788717780771887,0.0,True,2.9788717780771886e-09,0.6148755475822618,0.4025717154734828,0.7783678655181481,32230,-0.5672354948805461,0.027303754266211604,0.4327645051194539
SYNTH_0008,SYNTH0008,Synthetic Protein 8,Synthetic,SRDAAGFTWWLWIQGWILCSDVAHILKAMCSLVPWTMAIDGELTLMGIFIGQKWRCRDNHQPYSSKPSYLPEITRCEWHKQNTNECEGMHRGHYLEHLGSCWWTHCSNELLCMPYEGINEWFCYPQSLPMFSDKPGARYGTNGNLYPAKVNAQRKMMADWTMASHNYCVCWSLWPYWNMCTCDMMICPVPMWSGYTNRFTMLHFMYDD,208,4,0,0.0,6449.0132565882,6449.0132565882,6449.0132565882,0.0,False,6.4490132565882e-06,0.23175458711182606,0.4135819484014739,0.9788282236056377,22880,-0.3274038461538462,0.028846153846153848,0.38269230769230766
SYNTH_0043,SYNTH0043,Synthetic Protein 43,Synthetic,DTNRVPLPFCNLENRGVVVGWSRYTVHNKTCACLTDWKGHPCDQVVVVSWLNDHILWYWARNGIECTTVFDYESKDVVIWRICRWSERCPMDQKWKYQRYMTTTWFTPKTLVWCQIPRPYHHSMYSCHIDKLWGNGTWRWGWWERIYTLRVSVVAHLTDNFLNYGALRRDIFKYNKRLIGFWSTTHTHCAIFYEGAEYQQLWEPMFDAYFAKHDATLIEIFQLNSGEFEQRGDIWWMYRRYFKRFRYGTRDMDHWVPQGCMAALDYTWGPCVRLKTLI,278,2,0,0.0,2517.3301500644234,2517.3301500644234,2517.3301500644234,0.0,False,2.5173301500644235e-06,0.18852479832968896,0.39496650750823786,0.9311601676447858,30580,-0.4456834532374101,0.06474820143884892,0.41870503597122305
SYNTH_0015,SYNTH0015,Synthetic Protein 15,Synthetic,DWCDWHISTHWTMTFLHMVRAGHKVNPQKDNWYTWNSLPGMISWSVLTNPNFANFICETGEAPYYDNDTGCPEQGLSSQVR,81,2,0,0.0,915.7980647589527,915.7980647589527,915.7980647589527,0.0,False,9.157980647589527e-07,0.21999910774590165,0.09999535622185357,0.7392196757109737,8910,-0.6061728395061728,0.0,0.4172839506172839
SYNTH_0029,SYNTH0029,Synthetic Protein 29,Synthetic,WNKWKQAHMNSMRMCHEICSYWPYMMHVAQAKCCGIHNLSTGNKATQRDVSIHEWYFTHEWSQNRPGCDRWRVFYMNQNYIEWELYIFWHGPNIDNMIQAMHFP,104,2,0,0.0,6015.077809043494,6015.077809043494,6015.077809043494,0.0,False,6.015077809043494e-06,0.00562004493764765,0.2655254500756715,0.676318505859937,11440,-0.7086538461538462,0.08653846153846154,0.4346153846153846
SYNTH_0039,SYNTH0039,Synthetic Protein 39,Synthetic,PTCWEYILHSPAEVKCYCKYQQQMIEIHFPYEWAIEDRINCNGCEFYPYRGQKVLDTVNIASQKSSRIECSAISKRLCGMMSKARQRPSFNLTTCNYCIVELQGTYCIQVGRLADRRCMLHYDENSFIQLSFWTAQMRCRVIKRWGCPHCQTTYVCM,157,2,0,0.0,3464.994725929508,3464.994725929508,3464.994725929508,0.0,False,3.4649947259295082e-06,0.16881611821170978,0.0553868994378689,0.7079692189632742,17270,-0.33121019108280253,0.06369426751592357,0.43184713375796174
